file,set,photographer,photographer_url,source,licence,numbers
meals/18514930.jpg,meals,Nadin Sh,https://www.pexels.com/@nadin-sh-78971847,https://www.pexels.com/photo/woman-hand-holding-pasta-with-chopsticks-18514930/,"Pexels — free for commercial use, attribution not required","never — calories unknown, see CONTENT_ENGINE.md §0"
meals/8054777.jpg,meals,Annushka  Ahuja,https://www.pexels.com/@annushka-ahuja,https://www.pexels.com/photo/person-holding-a-white-bowl-with-soup-8054777/,"Pexels — free for commercial use, attribution not required","never — calories unknown, see CONTENT_ENGINE.md §0"
meals/5711229.jpg,meals,Diva Plavalaguna,https://www.pexels.com/@diva-plavalaguna,https://www.pexels.com/photo/man-having-breakfast-5711229/,"Pexels — free for commercial use, attribution not required","never — calories unknown, see CONTENT_ENGINE.md §0"
meals/8107172.jpg,meals,MART  PRODUCTION,https://www.pexels.com/@mart-production,https://www.pexels.com/photo/man-in-white-and-brown-stripe-dress-shirt-holding-a-smartphone-8107172/,"Pexels — free for commercial use, attribution not required","never — calories unknown, see CONTENT_ENGINE.md §0"
meals/38995734.jpg,meals,Nadin Sh,https://www.pexels.com/@nadin-sh-78971847,https://www.pexels.com/photo/delicious-gnocchi-dish-being-served-38995734/,"Pexels — free for commercial use, attribution not required","never — calories unknown, see CONTENT_ENGINE.md §0"
meals/34507149.jpg,meals,Viridiana Rivera,https://www.pexels.com/@viridianaor,https://www.pexels.com/photo/dining-table-with-broccoli-and-potatoes-34507149/,"Pexels — free for commercial use, attribution not required","never — calories unknown, see CONTENT_ENGINE.md §0"
meals/7788429.jpg,meals,Ron Lach,https://www.pexels.com/@ron-lach,https://www.pexels.com/photo/person-holding-an-iphone-7788429/,"Pexels — free for commercial use, attribution not required","never — calories unknown, see CONTENT_ENGINE.md §0"
meals/4392996.jpg,meals,Spencer Davis,https://www.pexels.com/@spencer,https://www.pexels.com/photo/hand-taking-picture-of-food-4392996/,"Pexels — free for commercial use, attribution not required","never — calories unknown, see CONTENT_ENGINE.md §0"
counter/5483816.jpg,counter,Mathias Reding,https://www.pexels.com/@matreding,https://www.pexels.com/photo/tasty-pie-on-wooden-kitchen-table-5483816/,"Pexels — free for commercial use, attribution not required","never — calories unknown, see CONTENT_ENGINE.md §0"
counter/6294191.jpg,counter,Klaus Nielsen,https://www.pexels.com/@klaus-nielsen,https://www.pexels.com/photo/broken-egg-scattered-on-table-in-kitchen-6294191/,"Pexels — free for commercial use, attribution not required","never — calories unknown, see CONTENT_ENGINE.md §0"
counter/8054737.jpg,counter,Annushka  Ahuja,https://www.pexels.com/@annushka-ahuja,https://www.pexels.com/photo/female-hand-cutting-vegetables-8054737/,"Pexels — free for commercial use, attribution not required","never — calories unknown, see CONTENT_ENGINE.md §0"
counter/8357260.jpg,counter,Ron Lach,https://www.pexels.com/@ron-lach,https://www.pexels.com/photo/close-up-shot-of-sliced-garlic-on-knife-8357260/,"Pexels — free for commercial use, attribution not required","never — calories unknown, see CONTENT_ENGINE.md §0"
counter/10568363.jpg,counter,Ron Lach,https://www.pexels.com/@ron-lach,https://www.pexels.com/photo/hand-holding-glass-jar-over-kitchen-counter-10568363/,"Pexels — free for commercial use, attribution not required","never — calories unknown, see CONTENT_ENGINE.md §0"
counter/7262928.jpg,counter,Sarah  Chai,https://www.pexels.com/@sarah-chai,https://www.pexels.com/photo/unrecognizable-cook-with-container-of-pasta-with-bolognese-sauce-7262928/,"Pexels — free for commercial use, attribution not required","never — calories unknown, see CONTENT_ENGINE.md §0"
counter/30722769.jpg,counter,Kate  Filatova,https://www.pexels.com/@kate-filatova-1861817299,https://www.pexels.com/photo/cozy-breakfast-scene-with-pastry-and-mug-30722769/,"Pexels — free for commercial use, attribution not required","never — calories unknown, see CONTENT_ENGINE.md §0"
counter/32608379.jpg,counter,James Collington,https://www.pexels.com/@james-collington-2147687246,https://www.pexels.com/photo/cozy-kitchen-with-coffee-machine-and-sunlight-32608379/,"Pexels — free for commercial use, attribution not required","never — calories unknown, see CONTENT_ENGINE.md §0"
market/28907758.jpg,market,Natalia S,https://www.pexels.com/@planka,https://www.pexels.com/photo/interior-of-a-modern-supermarket-produce-section-28907758/,"Pexels — free for commercial use, attribution not required","never — calories unknown, see CONTENT_ENGINE.md §0"
market/18139921.jpg,market,Yess Nakrani,https://www.pexels.com/@yess-nakrani-264147511,https://www.pexels.com/photo/selection-of-products-in-shop-18139921/,"Pexels — free for commercial use, attribution not required","never — calories unknown, see CONTENT_ENGINE.md §0"
market/8805170.jpg,market,Mike Jones,https://www.pexels.com/@mike-jones,https://www.pexels.com/photo/a-person-holding-a-plastic-basket-with-green-vegetables-8805170/,"Pexels — free for commercial use, attribution not required","never — calories unknown, see CONTENT_ENGINE.md §0"
market/8805172.jpg,market,Mike Jones,https://www.pexels.com/@mike-jones,https://www.pexels.com/photo/a-person-holding-a-grocery-basket-with-vegetables-8805172/,"Pexels — free for commercial use, attribution not required","never — calories unknown, see CONTENT_ENGINE.md §0"
market/27173521.jpg,market,Cristiano Junior,https://www.pexels.com/@cristianojr9,https://www.pexels.com/photo/abundance-of-fruit-at-bazaar-27173521/,"Pexels — free for commercial use, attribution not required","never — calories unknown, see CONTENT_ENGINE.md §0"
market/12823120.jpg,market,Muhtelifane,https://www.pexels.com/@muhtelifane-70593160,https://www.pexels.com/photo/man-selling-spinach-from-bags-12823120/,"Pexels — free for commercial use, attribution not required","never — calories unknown, see CONTENT_ENGINE.md §0"
market/4868597.jpg,market,KATRIN  BOLOVTSOVA,https://www.pexels.com/@ekaterina-bolovtsova,https://www.pexels.com/photo/mother-and-child-with-bag-4868597/,"Pexels — free for commercial use, attribution not required","never — calories unknown, see CONTENT_ENGINE.md §0"
market/7055090.jpg,market,Pavel Danilyuk,https://www.pexels.com/@pavel-danilyuk,https://www.pexels.com/photo/overhead-shot-of-fruits-in-a-mesh-bag-7055090/,"Pexels — free for commercial use, attribution not required","never — calories unknown, see CONTENT_ENGINE.md §0"
desk/30118667.jpg,desk,McFollis,https://www.pexels.com/@thisismcpeter,https://www.pexels.com/photo/young-man-deep-in-thought-at-a-desk-30118667/,"Pexels — free for commercial use, attribution not required","never — calories unknown, see CONTENT_ENGINE.md §0"
desk/6170640.jpg,desk,RDNE Stock project,https://www.pexels.com/@rdne,https://www.pexels.com/photo/a-person-making-a-phone-call-6170640/,"Pexels — free for commercial use, attribution not required","never — calories unknown, see CONTENT_ENGINE.md §0"
desk/12899135.jpg,desk,Mizuno K,https://www.pexels.com/@mizunokozuki,https://www.pexels.com/photo/vertical-shot-of-a-woman-in-a-dark-office-using-laptop-and-a-desk-lamp-12899135/,"Pexels — free for commercial use, attribution not required","never — calories unknown, see CONTENT_ENGINE.md §0"
desk/11208029.jpg,desk,Czapp Árpád,https://www.pexels.com/@czapp-arpad-3647289,https://www.pexels.com/photo/person-in-the-dark-room-typing-on-a-laptop-11208029/,"Pexels — free for commercial use, attribution not required","never — calories unknown, see CONTENT_ENGINE.md §0"
desk/8555481.jpg,desk,Liliana Drew,https://www.pexels.com/@liliana-drew,https://www.pexels.com/photo/a-person-holding-a-gray-tumbler-8555481/,"Pexels — free for commercial use, attribution not required","never — calories unknown, see CONTENT_ENGINE.md §0"
desk/8611950.jpg,desk,RDNE Stock project,https://www.pexels.com/@rdne,https://www.pexels.com/photo/a-man-holding-a-water-bottler-while-standing-on-the-wooden-floor-8611950/,"Pexels — free for commercial use, attribution not required","never — calories unknown, see CONTENT_ENGINE.md §0"
desk/39648816.jpg,desk,Rahela Ulici,https://www.pexels.com/@rahela-ulici-2163568006,https://www.pexels.com/photo/urban-street-scene-with-morning-light-39648816/,"Pexels — free for commercial use, attribution not required","never — calories unknown, see CONTENT_ENGINE.md §0"
desk/29539138.jpg,desk,Caleb Falkenhagen,https://www.pexels.com/@caleb-falkenhagen-216813613,https://www.pexels.com/photo/cityscape-walkway-with-modern-skyscrapers-29539138/,"Pexels — free for commercial use, attribution not required","never — calories unknown, see CONTENT_ENGINE.md §0"
evening/10379533.jpg,evening,Aynur Latfullin,https://www.pexels.com/@funiki,https://www.pexels.com/photo/a-man-looking-at-the-refrigirator-10379533/,"Pexels — free for commercial use, attribution not required","never — calories unknown, see CONTENT_ENGINE.md §0"
evening/4375718.jpg,evening,Chander Mohan,https://www.pexels.com/@chander-mohan-2836854,https://www.pexels.com/photo/man-sitting-on-the-ground-beside-an-opened-refrigerator-4375718/,"Pexels — free for commercial use, attribution not required","never — calories unknown, see CONTENT_ENGINE.md §0"
evening/33579133.jpg,evening,Daniel's Richard,https://www.pexels.com/@daniel-s-richard-2149882292,https://www.pexels.com/photo/young-woman-enjoying-instant-noodles-33579133/,"Pexels — free for commercial use, attribution not required","never — calories unknown, see CONTENT_ENGINE.md §0"
evening/32577109.jpg,evening,Mohit Sharma,https://www.pexels.com/@photowalabhaiya,https://www.pexels.com/photo/woman-enjoying-food-in-cozy-kitchen-setting-32577109/,"Pexels — free for commercial use, attribution not required","never — calories unknown, see CONTENT_ENGINE.md §0"
evening/19723776.jpg,evening,Esra Erdem,https://www.pexels.com/@esrakorkmaz,https://www.pexels.com/photo/peeking-through-the-windows-of-an-cafe-19723776/,"Pexels — free for commercial use, attribution not required","never — calories unknown, see CONTENT_ENGINE.md §0"
evening/24706578.jpg,evening,Alperen,https://www.pexels.com/@alperen,https://www.pexels.com/photo/a-lamp-illuminating-a-vintage-style-kitchen-24706578/,"Pexels — free for commercial use, attribution not required","never — calories unknown, see CONTENT_ENGINE.md §0"
evening/5725579.jpg,evening,Tima Miroshnichenko,https://www.pexels.com/@tima-miroshnichenko,https://www.pexels.com/photo/man-in-black-long-sleeve-shirt-sitting-on-chair-5725579/,"Pexels — free for commercial use, attribution not required","never — calories unknown, see CONTENT_ENGINE.md §0"
evening/15577884.jpg,evening,Margarita  Shabanova,https://www.pexels.com/@margarita-shabanova-450433297,https://www.pexels.com/photo/woman-sitting-with-smartphone-by-table-15577884/,"Pexels — free for commercial use, attribution not required","never — calories unknown, see CONTENT_ENGINE.md §0"
